,City,Country,Latitude,Longitude,Date,Max Temp,Humidity,Cloudiness,Wind Speed
0,Nuuk,GL,64.17,-51.74,1548535750,29.78,90,36,19.06
1,Georgetown,GY,6.8,-58.16,1548532800,83.37,78,40,11.41
2,Khatanga,RU,71.98,102.47,1548535750,-11.9,76,64,8.43
3,Kapaa,US,22.08,-159.32,1548532560,73.53,51,75,20.8
4,Hermanus,ZA,-34.42,19.24,1548535751,67.26,67,0,6.2
5,Zhigansk,RU,66.77,123.37,1548535751,-38.31,79,20,3.96
6,Saint George,GR,39.45,22.34,1548532200,41.14,93,75,4.7
7,Avera,US,33.19,-82.53,1548534900,54.79,25,1,5.82
8,Campbellsville,US,37.34,-85.34,1548534900,38.62,45,40,11.41
9,Lebu,ET,8.96,38.73,1548535751,43.23,82,0,3.51
10,Qaanaaq,GL,77.48,-69.36,1548535752,-20.49,86,0,6.53
11,Xai-Xai,MZ,-25.04,33.64,1548535752,76.44,95,92,18.5
12,Talaya,RU,55.79,84.89,1548534600,14.0,85,40,11.18
13,Punta Arenas,CL,-53.16,-70.91,1548532800,57.2,47,75,23.04
14,Matara,PE,-13.74,-72.9,1548535752,59.48,55,44,2.51
15,Torbay,CA,47.66,-52.73,1548532800,32.0,96,40,6.93
16,Puerto Ayora,EC,-0.74,-90.35,1548532800,87.8,55,20,14.99
17,Yellowknife,CA,62.45,-114.38,1548533580,-2.21,84,90,2.24
18,Provideniya,RU,64.42,-173.23,1548535753,14.21,100,56,16.15
19,Hilo,US,19.71,-155.08,1548532380,71.96,68,1,14.99
20,East London,ZA,-33.02,27.91,1548535753,69.83,100,88,17.05
21,Dawson Creek,CA,55.76,-120.23,1548532800,43.56,78,20,12.75
22,Gamba,CN,28.28,88.52,1548535753,-8.79,54,24,3.18
23,Carutapera,BR,-1.2,-46.02,1548535753,79.5,91,64,4.18
24,Ribeira Grande,PT,38.52,-28.7,1548532800,59.0,72,20,8.05
25,Tiksi,RU,71.64,128.87,1548535753,-29.4,47,36,5.19
26,Thonon-les-Bains,FR,46.37,6.48,1548534000,34.16,80,0,3.36
27,Marshall,US,39.39,-87.69,1548534900,27.61,97,90,8.05
28,Pringsewu,ID,-5.36,104.98,1548535754,71.99,95,64,2.51
29,Liberal,US,37.04,-100.92,1548534900,47.82,42,40,11.41
30,Kahului,US,20.89,-156.47,1548532560,70.39,49,75,21.92
31,Lavrentiya,RU,65.58,-170.99,1548535754,15.29,100,80,6.42
32,Port Blair,IN,11.67,92.75,1548535755,82.11,100,0,12.46
33,Aklavik,CA,68.22,-135.01,1548532800,2.14,77,90,11.41
34,Rikitea,PF,-23.12,-134.97,1548535755,81.03,97,8,13.47
35,Busselton,AU,-33.64,115.35,1548535755,58.58,100,0,15.26
36,Filomeno Mata,MX,20.2,-97.7,1548531720,68.0,94,90,3.51
37,Kloulklubed,PW,7.04,134.26,1548532200,77.0,88,75,11.23
38,Castro,CL,-42.48,-73.76,1548532800,62.6,51,0,9.17
39,Luderitz,NA,-26.65,15.16,1548535756,62.13,77,0,15.7
40,Vaini,IN,15.34,74.49,1548535757,52.82,84,0,1.5
41,Bluff,AU,-23.58,149.07,1548535757,75.99,79,80,10.45
42,Rundu,NA,-17.91,19.77,1548535757,74.46,79,92,4.41
43,Atuona,PF,-9.8,-139.03,1548535757,78.06,100,76,14.7
44,Mayumba,GA,-3.44,10.65,1548535757,79.95,100,80,7.99
45,Nemuro,JP,43.32,145.57,1548535757,26.81,100,44,24.32
46,Vestmanna,FO,62.16,-7.17,1548534000,35.6,69,48,46.08
47,Pangnirtung,CA,66.15,-65.72,1548532800,15.8,61,75,28.86
48,Adrar,DZ,27.87,-0.29,1548532800,62.6,33,0,9.17
49,Bredasdorp,ZA,-34.53,20.04,1548532800,71.6,73,0,18.34
50,High Level,CA,58.52,-117.13,1548532800,14.0,92,75,3.36
51,Mataura,NZ,-46.19,168.86,1548535758,64.52,80,0,10.45
52,Moron,VE,10.49,-68.2,1548535810,80.54,52,64,2.95
53,Coos Bay,US,43.37,-124.22,1548532560,53.96,69,1,3.06
54,Mar del Plata,AR,-46.43,-67.52,1548535810,73.56,29,0,13.47
55,Barrow,AR,-38.31,-60.23,1548535810,71.94,54,0,14.47
56,Kodiak,US,39.95,-94.76,1548534900,33.75,43,1,8.05
57,Marsh Harbour,BS,26.54,-77.06,1548535696,67.58,100,100,17.05
58,Bethel,US,60.79,-161.76,1548534660,35.46,74,90,21.92
59,Laizhou,CN,37.18,119.93,1548535811,13.53,100,0,6.42
60,Vila Velha,BR,-3.71,-38.6,1548532800,82.4,78,75,6.93
61,Cidreira,BR,-30.17,-50.22,1548535812,82.11,71,0,18.84
62,Salalah,OM,17.01,54.1,1548532200,73.4,64,20,4.7
63,Ludvika,SE,60.15,15.18,1548534000,10.4,100,68,2.24
64,Salamiyah,SY,35.01,37.05,1548535812,40.89,64,0,7.43
65,Olga,US,34.11,-118.17,1548534900,75.87,10,1,9.17
66,Scarborough,GB,54.28,-0.41,1548532200,45.18,93,76,13.87
67,Tutoia,BR,-2.76,-42.27,1548532800,86.0,55,20,11.41
68,Bilma,NE,18.69,12.92,1548535813,53.36,31,0,5.97
69,Tuktoyaktuk,CA,69.44,-133.03,1548532800,-5.81,76,90,19.46
70,Amahai,ID,-3.31,129.0,1548535813,83.1,100,32,10.11
71,Albany,US,42.65,-73.75,1548533880,22.71,42,75,9.17
72,Tilichiki,RU,60.47,166.1,1548535813,-21.17,30,0,2.95
73,Tura,IN,25.52,90.21,1548535813,59.34,79,92,2.51
74,Chapais,CA,49.78,-74.86,1548532800,-16.61,62,20,8.05
75,Carnarvon,ZA,-30.97,22.13,1548535814,66.23,36,0,12.8
76,Harper,US,30.3,-99.24,1548534900,60.76,55,75,3.36
77,Avarua,CK,-21.21,-159.78,1548536400,80.6,88,75,20.8
78,Lagoa,PT,37.14,-8.45,1548532800,55.4,87,0,6.93
79,Port Alfred,ZA,-33.59,26.89,1548535815,68.61,87,44,16.6
80,Zhuanghe,CN,39.7,122.97,1548535815,20.96,100,0,6.76
81,Chokurdakh,RU,70.62,147.9,1548535815,-37.64,0,44,3.06
82,Broome,GB,52.47,1.45,1548532560,46.9,93,75,16.11
83,Whitehorse,CA,60.72,-135.06,1548533940,30.2,86,90,18.34
84,Richards Bay,ZA,-28.77,32.06,1548535815,67.71,94,92,3.51
85,Lasa,CY,34.92,32.53,1548532800,60.8,55,40,11.41
86,Nikolskoye,RU,59.7,30.79,1548534600,10.4,85,75,4.47
87,Longyearbyen,NO,78.22,15.63,1548532200,24.8,68,20,13.87
88,Barcelona,ES,41.38,2.18,1548532800,51.78,87,20,9.17
89,Westport,IE,53.8,-9.52,1548535816,43.37,95,36,31.14
90,Dudinka,RU,69.41,86.18,1548535816,-12.66,60,56,13.13
91,Kununurra,AU,-15.77,128.74,1548532800,78.8,88,36,8.77
92,Antofagasta,CL,-23.65,-70.4,1548532800,73.4,56,20,12.75
93,Lokosovo,RU,61.13,74.84,1548535817,-16.98,75,24,8.66
94,Hithadhoo,MV,-0.6,73.08,1548535817,80.85,100,88,9.44
95,Dunedin,NZ,-45.87,170.5,1548535817,70.37,67,0,5.53
96,Tasiilaq,GL,65.61,-37.64,1548532200,21.2,53,75,25.28
97,Komsomolskiy,RU,67.55,63.78,1548535817,-22.11,65,68,3.51
98,Halifax,CA,44.65,-63.58,1548532800,32.0,96,75,10.29
99,Pasni,PK,25.26,63.48,1548535818,70.95,93,0,10.45
100,Jiamusi,CN,46.81,130.37,1548535818,4.67,60,0,10.11
101,Severo-Kurilsk,RU,50.68,156.12,1548535818,24.06,100,64,4.74
102,Tautira,PF,-17.73,-149.15,1548534600,86.0,66,75,12.75
103,Ushuaia,AR,-54.81,-68.31,1548532800,55.4,43,75,21.92
104,Thompson,CA,55.74,-97.86,1548532800,-22.01,61,20,4.7
105,Guerrero Negro,MX,27.97,-114.04,1548535870,77.16,27,0,17.6
106,Kavaratti,IN,10.57,72.64,1548535870,80.76,100,0,7.99
107,Peniche,PT,39.36,-9.38,1548532800,53.6,87,40,6.93
108,Vardo,US,39.62,-77.74,1548534000,36.36,31,1,4.7
109,Norman Wells,CA,65.28,-126.83,1548532800,-2.21,77,20,2.24
110,Lakatoro,VU,-16.11,167.42,1548535871,81.62,90,88,10.56
111,Hobart,AU,-42.88,147.33,1548532800,62.6,55,75,5.82
112,Port Elizabeth,US,39.31,-74.98,1548532560,35.71,43,90,4.7
113,Adelaide,AU,-34.93,138.6,1548532800,60.8,77,20,6.93
114,Nowy Dwor Mazowiecki,PL,52.43,20.72,1548534600,23.85,85,75,4.7
115,Hofn,IS,64.25,-15.21,1548535872,29.96,100,0,16.26
116,Svetlogorsk,RU,53.14,59.15,1548534600,-0.41,64,0,4.47
117,Martin,US,36.34,-88.85,1548534900,46.08,61,1,11.41
118,Victoria Point,AU,-27.58,153.3,1548534600,74.01,73,40,5.82
119,Daru,SL,7.99,-10.85,1548535873,82.52,50,56,3.18
120,Mumford,GH,5.26,-0.76,1548535873,81.44,83,0,10.22
121,Hay River,CA,60.82,-115.79,1548532800,5.0,84,75,3.36
122,Alice Springs,AU,-23.7,133.88,1548534600,82.4,34,40,12.75
123,Villa Maria,CO,4.5,-74.09,1548532800,71.6,33,20,13.87
124,Klaksvik,FO,62.23,-6.59,1548534000,35.6,69,80,46.08
125,Horta,ES,41.43,2.16,1548532800,51.82,76,0,3.36
126,Butaritari,KI,3.07,172.79,1548535874,82.38,100,64,13.02
127,Hwange,ZW,-18.35,26.5,1548535874,77.61,58,12,7.54
128,Yulara,AU,-25.24,130.99,1548532800,73.4,60,75,12.75
129,Bogorodskoye,RU,52.37,140.44,1548535874,-4.92,54,0,4.97
130,Santa Lucia,IT,39.93,9.66,1548532500,50.0,37,5,11.41
131,Cape Town,ZA,-33.93,18.42,1548532800,69.8,77,0,12.75
132,Dikson,RU,73.51,80.55,1548535724,-9.6,100,36,20.18
133,Petropavlovsk-Kamchatskiy,RU,53.05,158.65,1548534600,-4.01,83,0,8.95
134,Manokwari,ID,-0.87,134.08,1548535875,79.46,100,64,7.43
135,Esperance,TT,10.24,-61.45,1548532800,82.4,65,75,11.41
136,College,US,64.86,-147.8,1548532680,18.28,97,75,4.7
137,Lorengau,PG,-2.02,147.27,1548535876,82.97,99,68,12.8
138,Baie-Saint-Paul,CA,47.44,-70.51,1548535692,5.16,48,36,6.98
139,Ponta do Sol,BR,-20.63,-46.0,1548535876,70.86,89,36,3.4
140,Anadyr,RU,64.73,177.51,1548534600,-0.41,77,75,4.41
141,Kruisfontein,ZA,-34.0,24.73,1548535876,66.63,83,0,15.14
142,Fort Wellington,GY,6.4,-57.6,1548535876,78.11,98,64,11.56
143,Saint-Philippe,CA,45.36,-73.48,1548534900,11.62,76,75,4.7
144,Lakes Entrance,AU,-37.88,147.99,1548535877,66.54,100,100,6.42
145,Mahebourg,MU,-20.41,57.7,1548532800,80.6,83,20,3.36
146,Bodmin,GB,50.47,-4.72,1548532200,48.2,81,92,28.86
147,Ganzhou,CN,25.86,114.93,1548535877,35.36,92,0,2.51
148,Umm Lajj,SA,25.02,37.27,1548535878,71.72,90,36,12.24
149,Kampong Chhnang,KH,12.25,104.67,1548535878,67.26,78,0,4.41
150,Coihaique,CL,-45.58,-72.07,1548532800,61.59,42,20,12.75
151,Bambanglipuro,ID,-7.95,110.28,1548535878,69.96,100,20,3.06
152,Natividad,PH,16.04,120.79,1548535878,64.79,88,92,3.96
153,Krk,HR,45.03,14.57,1548532800,35.6,51,0,4.7
154,Arraial do Cabo,BR,-22.97,-42.02,1548532800,81.52,78,40,16.11
155,Itarema,BR,-2.92,-39.92,1548535879,80.36,82,92,7.09
156,Ust-Maya,RU,60.42,134.54,1548535879,-25.94,39,44,3.06
157,Taltal,CL,-25.41,-70.49,1548535930,71.81,71,0,3.96
158,Novopokrovka,RU,45.85,134.51,1548535930,-11.13,55,0,2.51
159,Igarka,RU,67.47,86.57,1548535930,-18.06,79,76,8.43
160,Praia da Vitoria,PT,38.73,-27.07,1548532800,57.2,82,20,15.59
161,Bezhanitsy,RU,56.97,29.88,1548535931,9.44,83,76,3.06
162,Ola,RU,59.58,151.3,1548535931,-4.38,100,68,12.12
163,Havre-Saint-Pierre,CA,50.23,-63.6,1548535620,8.6,71,90,23.04
164,Bambous Virieux,MU,-20.34,57.76,1548532800,80.6,83,20,3.36
165,Namibe,AO,-15.19,12.15,1548535932,75.23,100,0,7.54
166,Atambua,ID,-9.11,124.89,1548535932,76.49,100,88,5.75
167,Arcata,US,40.87,-124.08,1548534900,63.99,100,1,3.36
168,Chanderi,IN,24.7,78.12,1548535932,44.58,91,0,5.97
169,Coahuayana,MX,18.62,-100.35,1548535933,82.97,24,0,3.06
170,Alyangula,AU,-13.85,136.42,1548532800,80.6,83,75,4.7
171,Murray Bridge,AU,-35.12,139.28,1548535933,65.28,92,0,10.0
172,Tomatlan,MX,19.93,-105.25,1548535934,80.18,61,0,3.74
173,Alta Floresta,BR,-9.87,-56.08,1548532800,84.2,74,20,4.7
174,Micheweni,TZ,-4.97,39.83,1548535934,81.71,100,0,16.82
175,Oussouye,SN,12.49,-16.54,1548535934,77.7,70,0,14.7
176,Aripuana,BR,-9.17,-60.63,1548535934,86.48,68,48,1.16
177,Mansa,IN,23.43,72.66,1548534600,51.8,49,0,3.36
178,Samarai,PG,-10.62,150.67,1548535935,80.49,100,64,8.43
179,Mayo,CA,63.59,-135.9,1548532800,6.8,84,90,4.7
180,Lima,PE,-12.06,-77.04,1548532800,84.2,62,0,11.41
181,Sitka,US,37.17,-99.65,1548535936,48.59,49,36,12.01
182,Ust-Nera,RU,64.57,143.24,1548535936,-23.24,60,48,2.06
183,Coquimbo,CL,-29.95,-71.34,1548532800,69.8,64,20,12.75
184,Sola,NO,58.89,5.65,1548534000,30.2,68,75,26.4
185,Kaitangata,NZ,-46.28,169.85,1548535936,63.39,79,0,16.15
186,Camacha,PT,33.08,-16.33,1548532800,60.8,87,75,6.93
187,Iqaluit,CA,63.75,-68.52,1548532800,17.6,67,75,35.57
188,Coolum Beach,AU,-26.53,153.09,1548535937,76.13,89,12,5.08
189,Pailon,BO,-17.66,-62.72,1548532800,92.28,49,75,13.87
190,North Bend,US,43.41,-124.22,1548532560,53.96,69,1,3.06
191,Loiza,PR,18.43,-65.88,1548532560,80.83,64,40,18.34
192,Saskylakh,RU,71.97,114.09,1548535938,-19.59,56,64,6.08
193,Henties Bay,NA,-22.12,14.28,1548535938,61.82,100,0,2.95
194,San Quintin,PH,17.54,120.52,1548535938,65.42,73,8,6.08
195,Qasigiannguit,GL,68.82,-51.19,1548532200,28.4,58,40,16.11
196,Khromtau,KZ,50.26,58.44,1548535938,-5.87,56,20,7.76
197,Victoria,BN,5.28,115.24,1548532800,74.43,100,75,1.12
198,Minchinabad,PK,30.16,73.57,1548535938,43.82,85,0,2.73
199,New Norfolk,AU,-42.78,147.06,1548534600,62.6,55,75,5.82
200,Nanakuli,US,21.39,-158.15,1548533820,72.79,64,75,13.87
201,Ilulissat,GL,69.22,-51.1,1548532200,28.4,58,40,16.11
202,Cuernavaca,MX,18.92,-99.23,1548531960,71.65,12,40,18.34
203,Rawson,AR,-43.3,-65.11,1548535939,78.74,27,0,16.04
204,Rovaniemi,FI,66.5,25.72,1548534000,-7.61,83,0,16.11
205,Acapulco,MX,16.86,-99.88,1548531900,84.2,66,5,6.93
206,Souillac,FR,45.6,-0.6,1548532800,47.17,93,75,11.41
207,Axim,GH,4.87,-2.24,1548535940,84.0,95,0,13.13
208,Shar,NG,7.3,8.73,1548535990,82.16,62,68,9.44
209,Chuy,UY,-33.69,-53.46,1548535990,85.58,76,44,8.77
210,Yerbogachen,RU,61.28,108.01,1548535991,-0.06,73,56,7.54
211,Mogadouro,PT,41.34,-6.71,1548535740,33.11,86,0,4.41
212,Fukue,JP,35.03,136.69,1548534600,37.4,74,40,16.11
213,La Ronge,CA,55.1,-105.3,1548532800,-7.61,76,75,5.82
214,Husavik,CA,50.56,-96.99,1548535991,-19.64,84,0,7.99
215,Metro,ID,-5.11,105.31,1548535992,74.87,100,56,10.56
216,Bubaque,GW,11.28,-15.83,1548535992,84.41,78,0,13.8
217,Punta de Piedra,VE,7.62,-71.49,1548535992,82.79,55,20,3.06
218,Christchurch,NZ,-43.53,172.64,1548534600,86.0,37,0,5.82
219,Goure,NE,13.98,10.27,1548535992,69.47,22,0,11.12
220,Bumba,CD,2.18,22.47,1548535993,80.76,73,8,5.08
221,Ancud,CL,-41.87,-73.83,1548532800,62.6,51,0,9.17
222,Lake Elsinore,US,33.67,-117.33,1548534900,76.01,13,1,3.4
223,Swellendam,ZA,-34.02,20.44,1548532800,71.6,73,0,18.34
224,Jamestown,AU,-33.21,138.6,1548535994,59.16,89,88,6.76
225,Arica,CL,-18.48,-70.32,1548532800,77.0,65,0,10.29
226,Huarmey,PE,-10.07,-78.15,1548535994,78.69,56,32,4.52
227,Russell,AR,-33.01,-68.8,1548532800,91.4,49,20,6.93
228,Ngunguru,NZ,-35.62,174.5,1548535903,67.94,100,0,8.77
229,Tuatapere,NZ,-46.13,167.69,1548535995,62.31,82,0,8.21
230,Road Town,VG,18.42,-64.62,1548532800,81.41,54,20,13.87
231,Baykit,RU,61.68,96.39,1548535995,-9.51,64,36,3.74
232,East Stroudsburg,US,41.0,-75.18,1548535200,32.29,40,20,5.82
233,Xingyi,CN,24.19,102.82,1548535996,41.03,93,0,4.07
234,Makat,KZ,47.65,53.35,1548535996,30.36,96,80,14.03
235,Sangre Grande,TT,10.59,-61.13,1548532800,82.4,65,75,11.41
236,Te Anau,NZ,-45.41,167.72,1548535753,63.44,68,0,5.08
237,Ontario,US,34.07,-117.65,1548534900,76.39,10,1,9.17
238,Kavieng,PG,-2.57,150.8,1548535997,82.65,100,92,9.66
239,Talnakh,RU,69.49,88.39,1548535997,-15.77,69,48,7.99
240,Two Rivers,US,44.15,-87.57,1548532560,5.47,40,20,8.05
241,Cherskiy,RU,68.75,161.3,1548535997,-27.24,85,68,0.72
242,Gulariya,IN,28.2,81.35,1548535997,49.8,90,44,2.39
243,Ninghai,CN,29.29,121.42,1548532800,30.2,92,0,4.47
244,Nome,US,30.04,-94.42,1548533700,64.22,48,40,4.7
245,Margate,AU,-43.03,147.26,1548534600,62.6,55,75,5.82
246,Zapolyarnyy,RU,69.43,30.82,1548534000,-5.81,76,48,13.87
247,Airai,TL,-8.93,125.41,1548535998,71.36,90,68,1.72
248,Kokopo,PG,-4.34,152.27,1548535998,80.76,100,8,6.2
249,Priyutnoye,RU,46.1,43.51,1548535998,28.65,89,88,15.14
250,Manggar,ID,-2.88,108.27,1548535998,79.73,90,44,10.78
251,Itako,JP,35.95,140.57,1548534600,28.4,79,20,4.7
252,Saldanha,PT,41.42,-6.55,1548535999,33.11,86,0,4.41
253,Shimoda,JP,34.7,138.93,1548535999,44.54,100,0,16.49
254,Abdanan,IR,32.99,47.42,1548535999,43.14,82,80,1.95
255,Poum,MK,41.28,20.71,1548535999,15.33,85,8,1.72
256,Pierre,US,44.37,-100.35,1548533820,26.96,88,90,16.11
257,Hamilton,CA,43.26,-79.87,1548535740,15.12,66,75,8.05
258,Nanortalik,GL,60.14,-45.24,1548535911,31.8,98,92,15.48
259,Upernavik,GL,72.79,-56.15,1548536000,3.86,100,36,21.07
260,Lompoc,US,34.64,-120.46,1548533700,70.81,28,1,3.96
261,Qinzhou,CN,21.96,108.62,1548536000,52.19,99,0,2.73
262,Pacific Grove,US,36.62,-121.92,1548534600,61.84,42,1,8.05
263,Tessalit,ML,20.2,1.01,1548536050,50.57,38,0,6.53
264,Ayaviri,PE,-14.88,-70.59,1548536051,58.67,33,76,8.99
265,Sohag,EG,26.55,31.7,1548532800,64.4,31,0,4.7
266,Geraldton,CA,49.72,-86.95,1548532800,-13.01,57,90,4.7
267,Ugoofaaru,MV,5.67,73.0,1548536051,81.26,100,12,6.64
268,Sumbe,AO,-11.2,13.84,1548536051,77.43,100,12,9.66
269,Vila Franca do Campo,PT,37.72,-25.43,1548532800,57.2,71,40,6.93
270,Oranjemund,ZA,-28.55,16.43,1548536052,61.68,89,0,6.08
271,Mitsamiouli,KM,-11.38,43.28,1548536052,81.26,100,80,5.53
272,Ambovombe,MG,-25.18,46.09,1548536052,73.74,92,48,3.62
273,Qena,EG,26.16,32.72,1548532800,68.0,72,75,2.73
274,Kasongo-Lunda,CD,-6.48,16.82,1548536053,69.92,98,92,2.17
275,Kurilsk,RU,45.23,147.88,1548536053,24.24,100,36,16.71
276,Rome,IT,41.89,12.48,1548534000,40.21,52,0,8.05
277,Lata,IN,30.78,78.62,1548536054,19.07,85,12,2.62
278,Illela,NG,12.39,4.75,1548536054,71.18,30,0,8.1
279,Isla Mujeres,MX,21.23,-86.73,1548532140,71.6,94,90,4.7
280,Algodones,US,35.38,-106.48,1548534900,41.31,41,1,4.7
281,Port Hardy,CA,50.7,-127.42,1548532800,42.8,87,75,3.36
282,Tefe,BR,-3.35,-64.71,1548532800,86.0,70,20,3.36
283,Soe,EE,57.91,26.05,1548532200,12.2,78,76,2.24
284,Aranos,NA,-24.14,19.11,1548536055,87.06,13,92,5.64
285,Gualaceo,EC,-2.89,-78.78,1548532800,71.6,49,75,5.82
286,Solnechnyy,RU,50.72,136.64,1548536056,-9.02,66,36,3.18
287,Pevek,RU,69.7,170.27,1548536056,-7.35,100,88,10.67
288,Tabou,CI,4.42,-7.36,1548536057,84.18,95,0,10.56
289,Pisco,PE,-13.71,-76.2,1548532800,71.6,30,20,11.41
290,Los Llanos de Aridane,ES,28.66,-17.92,1548534600,64.4,77,75,5.82
291,San Patricio,PY,-26.98,-56.83,1548536057,94.22,61,0,2.51
292,Namatanai,PG,-3.66,152.44,1548536057,83.01,100,64,11.79
293,Codrington,AU,-28.95,153.24,1548532800,70.48,93,0,5.82
294,Nalut,LY,31.86,10.98,1548536057,40.89,68,0,6.53
295,Alofi,NU,-19.06,-169.92,1548532800,82.4,74,75,9.17
296,Sao Jose,AO,-12.77,15.77,1548536058,60.92,96,24,2.39
297,Sambava,MG,-14.27,50.17,1548536058,81.17,100,48,4.74
298,Cairns,AU,-16.92,145.77,1548535260,75.2,100,75,17.22
299,Boralday,KZ,43.36,76.86,1548534600,17.6,85,75,6.71
300,Vilyuysk,RU,63.75,121.63,1548536058,-30.8,51,24,2.73
301,Kakching,IN,24.5,93.98,1548536058,48.23,84,0,2.17
302,Pedasi,PA,7.53,-80.03,1548536058,78.15,92,0,6.2
303,Robertsganj,IN,24.69,83.07,1548536059,57.77,99,92,4.97
304,Ucluelet,CA,48.94,-125.55,1548532800,44.6,93,90,3.36
305,Haines Junction,CA,60.75,-137.51,1548536059,19.74,90,92,2.51
306,Macherla,IN,16.48,79.44,1548536059,68.57,99,92,2.95
307,Mount Gambier,AU,-37.83,140.78,1548532800,55.4,93,40,8.05
308,Yar-Sale,RU,66.83,70.83,1548536059,-18.96,84,68,9.55
309,Puteyets,RU,65.17,57.09,1548536059,-15.5,70,24,2.73
310,Barcelos,PT,41.53,-8.62,1548532800,50.0,93,20,6.93
311,Nogliki,RU,51.8,143.14,1548536060,5.93,100,0,14.81
312,Hirara,JP,24.8,125.28,1548536060,64.29,100,88,20.85
313,Whitianga,NZ,-36.83,175.7,1548536060,67.58,100,8,8.77
314,Jalu,LY,29.03,21.55,1548535832,47.24,32,0,11.01
315,Binzhou,CN,37.38,117.96,1548536060,17.4,60,0,7.09
316,Waingapu,ID,-9.65,120.26,1548536111,75.14,99,92,6.64
317,Sokol,RU,59.46,40.11,1548536111,9.71,82,80,19.28
318,Rio Verde de Mato Grosso,BR,-18.92,-54.84,1548536111,79.95,93,48,3.74
319,Pionerskiy,RU,61.2,62.86,1548536111,-5.46,85,44,4.52
320,Bonavista,CA,48.65,-53.11,1548536111,30.41,92,0,15.26
321,Mozarlandia,BR,-14.74,-50.57,1548536111,79.59,77,44,3.51
322,Magadan,RU,59.56,150.8,1548536112,-0.51,100,68,12.01
323,Gwadar,PK,25.12,62.33,1548536112,69.69,91,20,10.45
324,Guiyang,CN,26.58,106.71,1548532800,48.2,87,90,2.24
325,San Antonio,CL,-33.58,-71.61,1548532800,68.25,63,0,10.29
326,Cabo San Lucas,MX,22.89,-109.91,1548531900,75.45,56,75,9.17
327,Kipushi,CD,-11.76,27.24,1548536129,63.84,94,20,2.73
328,Prince Rupert,CA,54.32,-130.32,1548532800,46.4,87,90,19.46
329,Prata,BR,-19.31,-48.92,1548536130,76.49,83,56,8.21
330,Iquitos,PE,-3.75,-73.25,1548532800,78.8,83,75,6.93
331,Bucak,TR,37.46,30.59,1548534000,45.63,81,75,2.24
332,Humboldt,CA,52.21,-105.12,1548536130,2.87,89,92,7.09
333,Fairbanks,US,64.84,-147.72,1548532680,18.41,97,75,4.7
334,Kendari,ID,-3.99,122.52,1548536131,73.29,97,68,2.62
335,Portland,US,45.52,-122.67,1548530700,39.94,92,90,3.36
336,Vostok,RU,46.45,135.83,1548536074,-11.09,52,0,1.5
337,Bosaso,SO,11.28,49.18,1548536131,76.08,100,0,18.72
338,Grand Gaube,MU,-20.01,57.66,1548532800,80.6,83,20,3.36
339,Mineiros,BR,-17.57,-52.55,1548536131,70.82,97,80,3.74
340,Tazovskiy,RU,67.47,78.7,1548536132,-17.39,77,76,14.47
341,Kalmunai,LK,7.42,81.82,1548536132,75.99,92,100,3.18
342,Beidao,CN,34.57,105.89,1548536132,28.79,94,92,2.06
343,Beyneu,KZ,45.32,55.19,1548536132,24.11,86,0,9.22
344,Great Yarmouth,GB,52.61,1.73,1548532200,46.4,93,75,16.11
345,Zhezkazgan,KZ,47.8,67.71,1548536132,17.49,81,68,9.1
346,Dingle,PH,11.0,122.67,1548536132,72.53,77,32,18.61
347,Katastarion,GR,37.83,20.77,1548534000,51.1,76,75,6.93
348,Sayyan,YE,15.17,44.32,1548536133,42.33,81,0,3.4
349,Raudeberg,NO,61.99,5.14,1548534000,35.6,55,88,18.34
350,Batagay-Alyta,RU,67.8,130.41,1548536133,-37.86,70,32,2.73
351,San Juan,PR,18.47,-66.12,1548532560,80.85,64,40,18.34
352,La Paz,MX,24.15,-110.32,1548531600,71.6,33,75,12.75
353,Homer,US,59.64,-151.54,1548532380,36.59,72,1,6.93
354,Udachnyy,RU,66.42,112.4,1548536135,-34.94,62,36,2.39
355,Nizwa,OM,22.93,57.53,1548536135,54.44,63,32,2.39
356,Kokkola,FI,63.84,23.13,1548534000,-2.21,84,0,5.82
357,Chegdomyn,RU,51.13,133.04,1548536135,-19.23,52,20,1.72
358,Shira,RU,54.49,89.96,1548536135,12.23,58,0,17.05
359,Nagato,JP,34.35,131.14,1548532800,41.0,60,75,8.05
360,Ginir,ET,7.14,40.71,1548536136,54.26,74,0,2.62
361,Itaituba,BR,-4.26,-55.99,1548532800,89.6,62,20,11.41
362,Fortuna,ES,38.18,-1.13,1548534600,50.0,93,0,4.7
363,Anklam,DE,53.86,13.69,1548536136,33.83,100,92,10.22
364,Viedma,AR,-40.81,-62.99,1548536136,78.24,35,0,11.68
365,Shelburne,CA,44.08,-80.2,1548532800,14.99,47,20,5.82
366,Wilmington,US,39.75,-75.55,1548534900,34.54,40,40,5.97
367,Maxixe,MZ,-23.86,35.35,1548536137,76.8,91,12,18.05
368,Lesnoy,RU,59.78,52.13,1548536137,-16.8,74,20,2.95
369,Buraydah,SA,26.33,43.97,1548532800,69.8,56,75,8.05
370,Praya,ID,-8.71,116.27,1548534600,77.0,94,24,3.36
371,Zhirnovsk,RU,50.98,44.78,1548536171,1.97,88,76,14.25
372,Mehamn,NO,71.03,27.85,1548536171,0.57,100,0,7.76
373,Ruy Barbosa,BR,-12.29,-40.5,1548536171,85.89,37,64,8.99
374,Berlevag,NO,70.86,29.09,1548536171,0.44,100,0,6.98
375,La Asuncion,EC,-1.64,-78.74,1548536172,60.11,63,24,2.17
376,Simbahan,PH,6.3,120.58,1548536172,77.03,100,92,17.05
377,Cawayan,PH,9.81,123.54,1548536172,76.67,95,68,20.18
378,Papenburg,DE,53.08,7.39,1548534300,42.19,93,92,8.05
379,Saint-Pierre,FR,48.95,4.24,1548534600,43.41,93,90,19.46
380,Kampot,KH,10.62,104.18,1548534600,69.85,94,0,2.24
381,Katsuura,JP,33.93,134.5,1548532800,39.2,60,20,14.99
382,Aksu,KZ,52.04,76.93,1548534600,1.4,64,0,11.18
383,Labis,MY,2.38,103.02,1548536190,77.03,78,76,6.98
384,Nishihara,JP,35.74,139.53,1548534660,31.73,44,20,18.34
385,San Andres,PH,13.32,122.68,1548536191,76.67,100,0,24.09
386,Outlook,CA,51.48,-107.04,1548536191,23.48,93,92,5.08
387,Gunjur,GM,13.18,-16.76,1548532800,78.8,50,0,3.36
388,Merauke,ID,-8.49,140.4,1548536191,74.87,100,92,14.47
389,Kidal,ML,18.44,1.41,1548536191,55.56,22,0,9.78
390,Thinadhoo,MV,0.53,72.93,1548536191,81.44,100,8,7.99
391,Dicabisagan,PH,17.08,122.42,1548536191,70.82,100,92,13.47
392,Hambantota,LK,6.12,81.12,1548536192,78.6,100,44,12.12
393,Brownsville,US,25.91,-97.49,1548534900,58.68,90,90,12.75
394,Ziarat,PK,30.38,67.73,1548536192,5.93,63,24,3.18
395,Labuhan,ID,-2.54,115.51,1548536192,75.14,92,80,1.72
396,Yanam,IN,16.73,82.22,1548536192,71.31,85,0,7.43
397,Faro,PT,37.02,-7.94,1548532800,55.4,87,0,6.93
398,Volterra,IT,43.4,10.86,1548534000,35.62,64,0,4.7
399,Wajid,SO,3.81,43.25,1548536193,76.08,56,0,8.21
400,Luocheng,CN,28.29,114.55,1548536193,30.09,81,0,2.17
401,Uruzgan,AF,32.93,66.63,1548536193,5.66,86,8,3.51
402,Leningradskiy,RU,69.38,178.42,1548536193,-1.55,81,92,13.13
403,Popondetta,PG,-8.77,148.24,1548536193,70.14,97,92,1.61
404,Khasan,RU,42.43,130.64,1548536193,18.98,83,0,7.43
405,San Cristobal,EC,-0.39,-78.55,1548532800,73.0,36,40,12.75
406,Hasaki,JP,35.73,140.83,1548534600,28.4,79,20,4.7
407,Camargo,MX,27.69,-105.17,1548536195,63.48,17,0,7.09
408,Uzyn,UA,49.83,30.42,1548534600,21.2,92,90,6.71
409,Bandarbeyla,SO,9.49,50.81,1548536195,76.98,100,92,19.51
410,Maragogi,BR,-9.01,-35.22,1548536180,79.37,86,92,8.66
411,Mezen,RU,65.85,44.24,1548536195,-27.47,44,12,4.18
412,Batagay,RU,67.65,134.64,1548536196,-45.78,0,44,2.73
413,Aljezur,PT,37.31,-8.8,1548536196,55.43,100,0,8.66
414,Aksarka,RU,66.56,67.8,1548536196,-19.77,58,56,4.07
415,Flinders,AU,-34.58,150.85,1548532800,71.6,100,36,3.36
416,Srednekolymsk,RU,67.46,153.71,1548536196,-27.96,44,48,2.73
417,Walvis Bay,NA,-22.95,14.51,1548532800,62.6,77,0,3.36
418,Guarapari,BR,-20.67,-40.5,1548532800,86.0,66,20,12.75
419,Banikoara,BJ,11.3,2.44,1548536196,69.15,36,0,7.2
420,Berezovyy,RU,51.67,135.7,1548536197,-15.5,66,12,2.06
421,Botwood,CA,49.14,-55.34,1548532800,30.2,54,40,17.22
422,Paamiut,GL,61.99,-49.67,1548536197,31.44,96,36,33.71
423,Hohhot,CN,40.81,111.65,1548532800,15.8,43,56,6.71
424,Stavrovo,RU,56.13,40.01,1548536197,12.68,84,92,17.05
425,Nanae,JP,41.94,140.7,1548536231,15.83,100,0,5.08
426,Lipin Bor,RU,60.26,37.97,1548536231,9.39,83,92,19.17
427,Kieta,PG,-6.22,155.63,1548536231,80.63,100,0,3.51
428,Jalingo,NG,10.3,10.93,1548536231,74.24,30,0,7.76
429,Bathsheba,BB,13.22,-59.52,1548532800,78.8,69,40,17.22
430,Carballo,ES,43.21,-8.69,1548532800,47.26,100,75,4.7
431,Waipawa,NZ,-39.94,176.59,1548536232,68.79,69,12,16.6
432,Uray,RU,60.13,64.8,1548536232,-1.59,71,48,8.55
433,Wharton,GB,53.2,-2.51,1548534000,44.6,81,92,9.17
434,Nador,MA,35.17,-2.93,1548534600,53.1,76,0,1.12
435,Yumen,CN,40.29,97.04,1548536246,8.04,75,48,7.2
436,Mahajanga,MG,-15.72,46.32,1548532800,78.8,94,40,9.17
437,Young,UY,-32.7,-57.63,1548536250,80.99,100,12,3.51
438,Makakilo City,US,21.35,-158.09,1548533820,72.79,64,75,13.87
439,Zinder,NE,13.81,8.99,1548536251,65.64,24,0,8.55
440,Glubokiy,RU,48.52,40.33,1548536251,28.07,96,92,17.49
441,Tangjiazhuang,CN,33.27,105.76,1548536251,33.83,98,92,1.72
442,Marawi,PH,8.0,124.29,1548536251,67.13,100,100,2.51
443,Dukat,RS,42.44,22.31,1548536251,17.27,79,20,1.95
444,Ust-Karsk,RU,52.71,118.82,1548536251,-6.0,66,64,2.95
445,Ancuya,CO,1.26,-77.51,1548532800,69.15,36,20,17.22
446,Kimbe,PG,-5.56,150.15,1548536252,76.8,100,88,1.16
447,Florianopolis,BR,-27.6,-48.55,1548532800,86.0,66,40,6.93
448,Tynda,RU,55.15,124.74,1548536252,-21.66,59,12,2.51
449,Hit,IQ,33.64,42.83,1548536252,50.61,88,56,9.1
450,Palmeira,BR,-25.43,-50.0,1548536252,76.94,70,24,5.41
451,Bereda,ES,43.27,-7.54,1548534600,50.0,93,75,6.93
452,Lethem,GY,3.38,-59.8,1548536253,94.8,34,20,11.68
453,Izumo,JP,35.37,132.75,1548532800,41.0,48,75,11.41
454,Grindavik,IS,63.84,-22.43,1548534600,19.47,73,0,5.82
455,Nosivka,UA,50.94,31.58,1548536253,20.96,95,92,6.64
456,Sioux Lookout,CA,50.1,-91.92,1548532800,-13.01,51,40,8.05
457,Moramanga,MG,-18.95,48.23,1548536253,64.65,100,92,1.72
458,Cruzeiro do Sul,BR,-7.63,-72.67,1548532800,89.6,62,40,5.82
459,Show Low,US,34.25,-110.03,1548534900,42.03,32,1,8.05
460,Esil,KZ,51.96,66.41,1548536254,-9.65,68,0,8.66
461,Beringovskiy,RU,63.05,179.32,1548536255,6.33,87,88,22.19
462,Sangar,RU,63.92,127.47,1548536255,-36.65,70,12,2.62
463,Sarangani,PH,5.4,125.46,1548536255,78.33,100,88,12.24
464,Mount Isa,AU,-20.73,139.49,1548534600,75.2,73,80,10.0
465,Sao Felix do Xingu,BR,-6.64,-51.99,1548536051,79.59,83,80,3.18
466,Necochea,AR,-38.55,-58.74,1548536164,67.53,79,0,14.47
467,Port Macquarie,AU,-31.43,152.91,1548532800,69.8,94,0,5.82
468,Newport,GB,51.59,-3.0,1548534000,46.9,100,88,13.87
469,Toamasina,MG,-18.17,49.38,1548532800,73.4,94,75,3.18
470,Kiama,AU,-34.67,150.86,1548532800,71.6,100,36,3.36
471,Ayan,TR,40.67,33.6,1548536257,33.38,97,100,2.51
472,Soyo,AO,-6.13,12.37,1548532800,82.4,83,75,4.7
473,Mount Darwin,ZW,-16.77,31.58,1548536257,72.39,80,36,7.76
474,Bella Vista,AR,-28.51,-59.05,1548536257,85.08,99,24,4.18
475,Wewak,PG,-3.55,143.63,1548536258,76.89,94,44,3.62
476,Narsaq,GL,60.91,-46.05,1548532200,39.2,35,75,14.99
477,Tarabuco,BO,-19.18,-64.92,1548536258,68.84,56,56,5.08
478,Carlsbad,CZ,50.23,12.87,1548532800,35.94,100,90,8.05
479,Dali,CN,25.6,100.24,1548536291,33.29,100,0,1.5
480,Amot,NO,59.57,7.99,1548536291,13.31,79,92,5.97
481,Dosso,NE,13.05,3.19,1548536291,66.45,48,0,4.74
482,Edd,ER,13.93,41.69,1548536292,65.28,72,0,2.51
483,Dong Xoai,VN,11.53,106.92,1548536292,73.79,66,44,7.2
484,Tikapur,NP,28.53,81.12,1548536292,47.06,100,56,2.06
485,Birin,SY,35.01,36.67,1548536293,35.49,81,0,2.06
486,General Pico,AR,-35.66,-63.75,1548536306,83.06,81,56,14.58
487,Marbella,ES,36.51,-4.89,1548535860,54.16,100,40,4.7
488,Bangangte,CM,5.14,10.52,1548536310,74.42,67,24,7.99
489,Deep River,CA,46.1,-77.49,1548532800,5.0,38,1,3.18
490,Kasempa,ZM,-13.46,25.83,1548536310,64.29,94,32,2.62
491,Anchorage,US,61.22,-149.89,1548532680,32.47,99,90,5.53
492,Onda,ES,39.96,-0.26,1548534600,45.52,81,8,3.36
493,Barra Patuca,HN,15.8,-84.28,1548536311,76.04,100,88,9.22
494,Karak,JO,31.18,35.7,1548532800,50.0,66,20,3.74
495,Zhuhai,CN,40.71,112.04,1548532800,15.8,43,56,6.71
496,Urzhum,RU,57.11,50.0,1548536312,-0.51,78,92,8.43
497,Lodwar,KE,3.12,35.6,1548536312,75.32,54,0,7.09
498,Palmer,AU,-34.85,139.16,1548534600,62.6,72,40,5.82
499,Havoysund,NO,71.0,24.66,1548534000,12.2,72,24,10.29
500,Collie,AU,-33.36,116.15,1548536312,50.88,83,0,9.22
501,Banyo,CM,6.75,11.81,1548536313,79.37,32,76,7.2
502,La Palma,CO,5.36,-74.39,1548536313,83.55,52,8,2.51
503,Cap Malheureux,MU,-19.98,57.61,1548532800,80.6,83,20,3.36
504,Half Moon Bay,US,37.46,-122.43,1548532560,59.45,68,75,4.7
505,George,NG,6.63,3.35,1548536314,82.56,84,0,9.78
506,Alamosa,US,37.47,-105.87,1548534900,24.39,57,1,5.82
507,Umm Kaddadah,SD,13.6,26.69,1548536314,69.6,36,8,4.63
508,Caravelas,BR,-17.73,-39.27,1548536314,82.38,100,0,11.68
509,Mayakonda,IN,14.29,76.08,1548536314,62.4,89,24,3.4
510,Clyde River,CA,70.47,-68.59,1548532800,-14.81,75,90,20.8
511,Sehwan,PK,26.43,67.86,1548532500,55.4,71,20,4.18
512,Merta,IN,26.65,74.03,1548536315,41.43,63,0,4.97
513,Bowen,AU,-20.01,148.25,1548532800,77.0,88,40,6.93
514,Columbus,US,32.46,-84.99,1548534900,54.63,27,1,8.05
515,Warwick,US,41.7,-71.42,1548532560,32.45,30,20,5.82
516,Sosnovo-Ozerskoye,RU,52.53,111.54,1548536316,2.33,68,68,16.6
517,Varhaug,NO,58.61,5.65,1548534000,30.2,68,75,26.4
518,Macas,EC,-2.3,-78.12,1548532800,78.8,65,75,5.82
519,Datong,CN,40.09,113.3,1548536316,10.29,65,76,4.52
520,Helong,CN,25.94,116.13,1548536316,31.89,88,0,2.17
521,Hovd,NO,63.83,10.7,1548534000,24.87,57,0,16.11
522,Kyshtovka,RU,56.56,76.62,1548536317,1.74,79,44,14.58
523,Perevolotskiy,RU,51.88,54.19,1548536317,-6.0,73,0,10.45
